Date,Service,Region,UsageHours,Cost
2023-02-21,AWS Lambda,us-east-1,8.96,20.64
2023-01-15,Amazon EC2,eu-west-1,8.25,46.76
2023-03-13,Amazon CloudFront,eu-west-1,18.75,21.58
2023-03-02,Amazon RDS,eu-west-1,2.99,43.91
2023-01-21,AWS Lambda,ap-south-1,6.45,30.31
2023-03-24,Amazon CloudFront,eu-west-1,17.85,12.43
2023-03-28,Amazon CloudFront,us-east-1,13.61,17.86
2023-03-16,Amazon CloudFront,ap-south-1,3.94,4.29
2023-03-16,AWS Lambda,eu-west-1,21.29,16.74
2023-03-29,AWS Lambda,us-east-1,10.05,33.91
2023-01-24,Amazon S3,ap-south-1,20.04,3.7
2023-01-03,Amazon RDS,eu-west-1,19.12,10.35
2023-01-22,Amazon EC2,eu-west-1,15.36,19.13
2023-02-22,Amazon CloudFront,eu-west-1,12.37,49.1
2023-01-02,Amazon S3,ap-south-1,23.53,39.26
2023-03-29,Amazon EC2,us-east-1,4.33,36.7
2023-01-30,Amazon S3,us-east-1,17.68,5.9
2023-02-07,AWS Lambda,us-west-2,5.4,39.07
2023-01-02,Amazon CloudFront,eu-west-1,8.78,39.28
2023-03-05,Amazon EC2,us-west-2,8.1,30.1
2023-03-01,Amazon EC2,us-west-2,22.78,49.52
2023-01-21,Amazon EC2,us-east-1,23.25,16.33
2023-02-02,Amazon EC2,ap-south-1,5.21,47.07
2023-03-17,Amazon EC2,ap-south-1,1.51,45.75
2023-02-27,Amazon S3,us-east-1,17.56,0.67
2023-01-22,Amazon CloudFront,ap-south-1,10.61,22.56
2023-03-30,AWS Lambda,us-west-2,3.04,48.86
2023-02-18,AWS Lambda,eu-west-1,16.73,5.25
2023-02-28,AWS Lambda,us-east-1,13.54,27.43
2023-02-11,AWS Lambda,eu-west-1,23.55,48.95
2023-03-01,Amazon S3,ap-south-1,6.23,27.82
2023-03-21,Amazon RDS,eu-west-1,10.29,9.57
2023-01-15,Amazon CloudFront,ap-south-1,13.48,29.15
2023-03-03,Amazon EC2,ap-south-1,19.21,10.3
2023-03-03,Amazon RDS,us-west-2,13.62,26.03
2023-02-16,AWS Lambda,ap-south-1,15.1,3.79
2023-03-03,Amazon RDS,us-west-2,6.2,30.31
2023-02-20,Amazon CloudFront,us-west-2,20.48,25.89
2023-02-24,Amazon EC2,us-west-2,10.86,37.03
2023-03-05,Amazon EC2,us-east-1,4.24,31.57
2023-01-03,Amazon CloudFront,us-east-1,16.28,27.53
2023-02-20,Amazon CloudFront,ap-south-1,5.97,34.52
2023-01-07,AWS Lambda,us-west-2,3.24,7.28
2023-01-21,Amazon EC2,us-east-1,20.83,29.81
2023-03-14,Amazon RDS,us-west-2,11.58,8.69
2023-02-08,Amazon S3,eu-west-1,18.23,46.28
2023-01-18,Amazon S3,eu-west-1,7.68,3.51
2023-01-04,Amazon CloudFront,eu-west-1,19.1,21.58
2023-03-30,AWS Lambda,ap-south-1,3.57,34.82
2023-03-01,Amazon S3,us-west-2,9.19,22.96
2023-01-14,Amazon EC2,eu-west-1,23.5,4.7
2023-01-09,Amazon CloudFront,us-east-1,19.26,27.71
2023-03-31,Amazon RDS,eu-west-1,12.44,32.12
2023-02-22,Amazon CloudFront,eu-west-1,8.81,35.22
2023-01-02,Amazon RDS,eu-west-1,21.06,18.73
2023-03-25,Amazon CloudFront,ap-south-1,13.53,28.23
2023-03-01,Amazon CloudFront,us-east-1,18.44,22.59
2023-03-12,Amazon CloudFront,us-west-2,18.34,33.64
2023-02-13,Amazon RDS,us-east-1,1.41,29.22
2023-01-08,Amazon RDS,us-west-2,3.9,26.34
2023-02-16,Amazon CloudFront,ap-south-1,16.17,12.55
2023-02-04,Amazon S3,ap-south-1,4.72,0.2
2023-03-19,AWS Lambda,ap-south-1,6.88,8.79
2023-03-22,AWS Lambda,ap-south-1,22.77,5.94
2023-02-05,AWS Lambda,us-west-2,13.88,22.51
2023-02-19,Amazon RDS,eu-west-1,18.27,30.65
2023-01-04,Amazon RDS,us-west-2,13.83,10.73
2023-01-02,Amazon S3,us-east-1,13.71,46.96
2023-01-06,AWS Lambda,ap-south-1,3.17,0.43
2023-02-23,AWS Lambda,ap-south-1,8.9,38.64
2023-01-04,Amazon CloudFront,us-east-1,7.5,31.3
2023-02-23,Amazon RDS,us-west-2,9.99,18.74
2023-03-04,AWS Lambda,eu-west-1,19.36,2.62
2023-01-18,Amazon S3,eu-west-1,9.55,31.41
2023-03-31,Amazon S3,us-east-1,11.39,19.34
2023-02-13,AWS Lambda,eu-west-1,10.14,46.82
2023-02-03,Amazon RDS,us-west-2,3.15,27.15
2023-03-15,Amazon S3,us-west-2,11.14,46.99
2023-03-03,Amazon CloudFront,us-east-1,5.5,11.1
2023-01-14,Amazon S3,us-west-2,5.29,36.31
2023-02-17,Amazon EC2,ap-south-1,3.16,30.9
2023-01-15,Amazon EC2,us-east-1,9.2,37.0
2023-03-13,Amazon RDS,us-west-2,18.42,10.81
2023-03-19,AWS Lambda,us-east-1,7.36,33.28
2023-03-28,Amazon RDS,eu-west-1,8.18,24.95
2023-03-03,Amazon RDS,us-west-2,15.78,37.17
2023-02-09,Amazon RDS,ap-south-1,5.5,16.42
2023-03-26,Amazon RDS,us-west-2,21.63,44.51
2023-03-21,Amazon CloudFront,us-east-1,12.96,4.31
2023-03-23,Amazon CloudFront,us-east-1,11.29,40.38
2023-02-22,Amazon S3,us-west-2,13.83,43.08
2023-01-24,Amazon EC2,ap-south-1,4.82,40.88
2023-01-26,Amazon RDS,ap-south-1,15.11,25.69
2023-03-30,Amazon S3,ap-south-1,9.35,21.98
2023-03-01,Amazon EC2,us-east-1,21.64,49.81
2023-02-10,AWS Lambda,us-west-2,4.88,11.54
2023-01-29,Amazon CloudFront,eu-west-1,12.66,27.39
2023-01-15,Amazon EC2,us-east-1,14.76,33.57
2023-02-14,AWS Lambda,ap-south-1,1.77,35.07
2023-03-06,Amazon EC2,us-west-2,9.36,10.28
2023-03-30,Amazon CloudFront,ap-south-1,17.85,32.73
2023-03-12,Amazon CloudFront,eu-west-1,19.87,40.94
2023-01-09,Amazon S3,ap-south-1,8.2,2.6
2023-03-29,Amazon RDS,ap-south-1,19.37,45.58
2023-01-01,Amazon EC2,eu-west-1,23.26,1.57
2023-01-08,Amazon EC2,us-west-2,20.71,17.86
2023-03-29,AWS Lambda,us-east-1,3.71,0.89
2023-03-04,Amazon CloudFront,us-west-2,18.01,3.95
2023-01-11,Amazon EC2,eu-west-1,8.35,45.57
2023-03-22,Amazon CloudFront,ap-south-1,23.73,17.81
2023-01-08,Amazon EC2,us-west-2,12.16,21.3
2023-02-04,Amazon S3,us-east-1,3.82,10.85
2023-02-04,Amazon RDS,eu-west-1,17.68,29.9
2023-02-02,Amazon EC2,us-west-2,8.43,29.78
2023-01-05,Amazon CloudFront,us-east-1,23.93,18.67
2023-02-10,Amazon S3,eu-west-1,23.53,16.72
2023-01-28,Amazon EC2,us-east-1,16.09,44.26
2023-01-07,AWS Lambda,eu-west-1,3.99,19.23
2023-03-14,Amazon RDS,ap-south-1,16.8,24.73
2023-03-13,Amazon EC2,us-west-2,3.14,14.24
2023-01-12,Amazon S3,us-east-1,1.68,39.36
2023-02-03,AWS Lambda,eu-west-1,19.93,19.93
2023-02-02,Amazon S3,us-east-1,5.82,25.73
2023-02-17,Amazon S3,us-east-1,9.72,12.74
2023-01-23,AWS Lambda,us-west-2,23.39,49.38
2023-03-03,Amazon S3,ap-south-1,8.75,14.65
2023-03-29,AWS Lambda,us-east-1,7.82,38.56
2023-02-06,Amazon EC2,eu-west-1,22.12,21.43
2023-02-13,AWS Lambda,eu-west-1,3.55,10.39
2023-03-27,AWS Lambda,ap-south-1,18.47,40.01
2023-02-04,Amazon RDS,eu-west-1,23.73,16.75
2023-03-06,AWS Lambda,ap-south-1,21.73,43.27
2023-02-16,AWS Lambda,eu-west-1,15.99,45.77
2023-03-19,Amazon EC2,us-west-2,8.22,43.01
2023-01-03,Amazon RDS,us-east-1,6.85,1.85
2023-01-01,Amazon CloudFront,us-west-2,19.84,39.39
2023-01-05,Amazon EC2,us-east-1,21.24,20.63
2023-03-31,Amazon EC2,us-east-1,13.09,43.7
2023-01-14,Amazon CloudFront,us-east-1,6.62,31.93
2023-01-27,AWS Lambda,us-west-2,3.6,41.7
2023-01-09,Amazon S3,us-east-1,3.01,25.02
2023-03-20,Amazon RDS,us-west-2,17.54,26.8
2023-01-15,Amazon S3,ap-south-1,10.66,7.3
2023-03-31,Amazon CloudFront,eu-west-1,21.82,39.22
2023-02-11,Amazon EC2,eu-west-1,18.01,21.03
2023-03-18,Amazon EC2,us-east-1,5.4,25.05
2023-02-20,Amazon RDS,us-west-2,15.12,39.28
2023-03-04,Amazon EC2,eu-west-1,11.02,29.98
2023-02-21,Amazon EC2,us-west-2,14.28,10.13
2023-01-04,Amazon RDS,us-west-2,17.98,29.55
2023-01-23,Amazon RDS,us-east-1,19.54,20.44
2023-01-15,Amazon CloudFront,eu-west-1,20.41,23.53
2023-02-12,Amazon EC2,us-east-1,6.84,1.51
2023-01-29,Amazon EC2,us-east-1,1.72,10.58
2023-02-05,Amazon CloudFront,eu-west-1,18.0,14.12
2023-01-13,AWS Lambda,eu-west-1,3.45,35.68
2023-02-01,AWS Lambda,ap-south-1,8.24,0.67
2023-03-12,AWS Lambda,ap-south-1,1.09,20.5
2023-02-28,Amazon CloudFront,us-west-2,16.68,46.21
2023-03-27,Amazon EC2,eu-west-1,4.84,5.68
2023-01-28,Amazon CloudFront,ap-south-1,16.07,25.87
2023-03-07,Amazon CloudFront,us-west-2,23.81,39.35
2023-02-11,AWS Lambda,us-west-2,2.67,47.13
2023-02-14,Amazon S3,us-west-2,2.77,37.36
2023-03-03,Amazon EC2,ap-south-1,8.83,36.06
2023-02-26,AWS Lambda,eu-west-1,20.93,41.34
2023-01-06,Amazon S3,us-east-1,5.96,22.37
2023-01-28,Amazon S3,us-west-2,9.29,40.31
2023-01-28,Amazon RDS,ap-south-1,2.58,0.5
2023-02-13,Amazon EC2,ap-south-1,18.55,46.24
2023-03-25,Amazon S3,us-east-1,10.39,22.22
2023-01-30,AWS Lambda,us-east-1,18.46,27.71
2023-03-03,Amazon RDS,ap-south-1,21.78,12.82
2023-03-16,Amazon EC2,eu-west-1,6.35,37.15
2023-03-30,Amazon CloudFront,us-east-1,19.57,3.92
2023-03-03,AWS Lambda,ap-south-1,2.36,43.64
2023-01-01,Amazon S3,us-east-1,21.67,41.42
2023-01-27,Amazon S3,eu-west-1,15.97,10.88
2023-03-03,AWS Lambda,us-west-2,21.11,40.49
2023-03-18,Amazon S3,us-east-1,1.0,39.34
2023-01-03,Amazon RDS,eu-west-1,4.89,31.65
2023-03-11,Amazon EC2,ap-south-1,9.96,18.74
2023-03-13,Amazon RDS,us-east-1,9.73,13.65
2023-01-27,Amazon S3,us-east-1,6.21,11.67
2023-01-09,Amazon CloudFront,ap-south-1,9.78,16.0
2023-03-03,Amazon EC2,us-west-2,3.96,45.19
2023-02-06,Amazon EC2,ap-south-1,10.49,3.97
2023-02-20,AWS Lambda,us-east-1,19.45,41.46
2023-02-13,AWS Lambda,ap-south-1,12.02,17.51
2023-01-24,Amazon CloudFront,eu-west-1,1.41,26.13
2023-03-20,Amazon EC2,ap-south-1,10.69,39.74
2023-02-28,Amazon CloudFront,us-east-1,1.63,44.23
2023-02-01,AWS Lambda,ap-south-1,23.22,17.3
2023-03-29,AWS Lambda,us-west-2,3.93,23.15
2023-02-21,Amazon EC2,ap-south-1,17.28,20.78
2023-03-03,Amazon RDS,us-west-2,23.37,0.76
2023-02-27,Amazon S3,eu-west-1,20.0,14.87
2023-02-21,AWS Lambda,us-west-2,17.08,23.01
2023-01-12,AWS Lambda,ap-south-1,20.31,20.61
2023-02-08,Amazon RDS,us-east-1,23.58,36.12
2023-01-02,Amazon RDS,us-west-2,15.29,19.3
2023-01-03,Amazon CloudFront,eu-west-1,13.86,24.52
2023-02-25,Amazon CloudFront,us-west-2,15.45,21.54
2023-03-22,Amazon S3,us-west-2,13.25,37.06
2023-02-28,Amazon S3,us-west-2,15.61,43.16
2023-01-02,Amazon EC2,eu-west-1,11.35,26.64
2023-01-02,Amazon CloudFront,ap-south-1,6.02,39.49
2023-02-23,AWS Lambda,us-west-2,3.77,14.91
2023-03-28,Amazon CloudFront,us-west-2,2.57,27.11
2023-01-01,AWS Lambda,us-east-1,7.06,17.33
2023-01-19,Amazon RDS,eu-west-1,2.06,20.77
2023-01-02,Amazon CloudFront,us-west-2,14.04,36.65
2023-02-22,Amazon RDS,eu-west-1,7.53,44.09
2023-02-13,Amazon S3,us-west-2,19.96,6.16
2023-03-31,Amazon S3,ap-south-1,2.71,31.77
2023-02-01,Amazon EC2,ap-south-1,6.21,29.15
2023-03-11,Amazon CloudFront,us-west-2,17.8,6.01
2023-02-01,Amazon RDS,ap-south-1,14.77,10.67
2023-03-09,AWS Lambda,us-west-2,2.48,15.62
2023-02-24,Amazon S3,ap-south-1,21.18,8.43
2023-03-16,Amazon S3,us-east-1,21.18,12.26
2023-02-25,AWS Lambda,us-east-1,8.6,13.45
2023-01-17,Amazon RDS,us-east-1,8.83,16.85
2023-02-07,Amazon RDS,eu-west-1,23.75,37.49
2023-01-24,Amazon CloudFront,eu-west-1,15.4,28.64
2023-03-10,Amazon CloudFront,us-east-1,13.22,49.31
2023-03-11,Amazon EC2,eu-west-1,20.28,20.8
2023-03-27,Amazon S3,ap-south-1,7.56,37.72
2023-01-11,Amazon CloudFront,us-west-2,10.87,43.59
2023-01-16,Amazon RDS,us-west-2,7.16,33.98
2023-03-14,AWS Lambda,us-west-2,19.15,20.65
2023-02-28,Amazon RDS,us-east-1,14.19,37.7
2023-03-11,Amazon S3,eu-west-1,16.15,10.26
2023-03-21,Amazon RDS,ap-south-1,6.8,16.44
2023-01-03,Amazon EC2,ap-south-1,6.07,27.38
2023-01-20,Amazon S3,us-east-1,12.23,28.81
2023-02-28,AWS Lambda,ap-south-1,17.96,1.2
2023-02-05,Amazon EC2,ap-south-1,13.08,47.26
2023-01-19,Amazon S3,ap-south-1,1.75,34.86
2023-03-31,AWS Lambda,ap-south-1,20.98,24.84
2023-03-08,Amazon EC2,eu-west-1,2.49,46.66
2023-01-19,Amazon EC2,ap-south-1,22.98,22.01
2023-01-20,Amazon S3,us-west-2,1.58,49.02
2023-03-12,Amazon CloudFront,us-east-1,16.97,25.66
2023-02-21,Amazon EC2,eu-west-1,2.89,5.8
2023-02-02,Amazon EC2,ap-south-1,21.95,38.26
2023-02-09,AWS Lambda,eu-west-1,11.68,33.98
2023-02-08,Amazon RDS,ap-south-1,4.16,38.67
2023-03-23,Amazon S3,us-west-2,8.84,47.58
2023-01-01,Amazon S3,us-east-1,4.79,38.85
2023-01-11,Amazon CloudFront,ap-south-1,4.92,30.61
2023-02-26,Amazon CloudFront,ap-south-1,22.81,42.88
2023-03-30,Amazon S3,ap-south-1,11.24,33.69
2023-02-19,Amazon CloudFront,ap-south-1,19.14,20.47
2023-01-23,AWS Lambda,us-east-1,15.71,44.29
2023-01-31,Amazon S3,us-east-1,16.56,11.17
2023-02-11,Amazon CloudFront,us-west-2,4.03,35.76
2023-01-07,Amazon S3,us-east-1,6.39,44.09
2023-01-16,Amazon RDS,ap-south-1,19.1,36.59
2023-03-31,Amazon EC2,us-west-2,23.33,34.89
2023-03-01,Amazon S3,us-west-2,7.04,37.66
2023-01-02,Amazon EC2,us-west-2,7.25,23.31
2023-01-01,Amazon CloudFront,ap-south-1,11.88,43.72
2023-02-17,Amazon EC2,eu-west-1,23.63,10.25
2023-01-12,Amazon S3,ap-south-1,7.19,6.46
2023-03-10,Amazon RDS,us-east-1,10.36,14.35
2023-02-06,Amazon CloudFront,us-east-1,21.5,26.63
2023-02-01,Amazon S3,ap-south-1,1.07,25.58
2023-01-09,Amazon CloudFront,ap-south-1,1.91,41.05
2023-01-19,AWS Lambda,us-west-2,14.89,20.29
2023-02-17,Amazon EC2,ap-south-1,21.87,24.27
2023-03-21,AWS Lambda,us-west-2,6.49,0.77
2023-01-03,Amazon S3,us-east-1,11.8,20.55
2023-01-20,Amazon RDS,us-west-2,11.36,32.42
2023-01-24,Amazon CloudFront,ap-south-1,11.88,0.87
2023-02-23,Amazon EC2,us-east-1,15.32,14.12
2023-02-02,Amazon CloudFront,eu-west-1,11.8,10.48
2023-01-24,Amazon S3,us-west-2,11.29,2.2
2023-03-16,Amazon CloudFront,us-east-1,11.91,24.02
2023-03-13,Amazon EC2,us-west-2,14.59,9.17
2023-02-05,Amazon S3,us-east-1,13.35,37.18
2023-02-07,Amazon CloudFront,us-east-1,20.65,42.41
2023-03-25,Amazon RDS,us-west-2,2.14,27.32
2023-03-30,Amazon S3,eu-west-1,20.17,49.09
2023-01-25,Amazon S3,us-east-1,20.41,22.58
2023-01-18,Amazon RDS,us-east-1,7.55,25.72
2023-03-23,AWS Lambda,us-east-1,11.65,49.46
2023-03-07,Amazon EC2,eu-west-1,11.09,11.65
2023-02-23,AWS Lambda,eu-west-1,6.03,47.13
2023-02-04,Amazon CloudFront,ap-south-1,10.13,2.24
2023-03-21,Amazon RDS,us-west-2,2.02,22.37
2023-03-02,AWS Lambda,eu-west-1,7.39,3.59
2023-02-10,Amazon S3,us-west-2,19.78,36.49
2023-02-02,Amazon CloudFront,ap-south-1,7.54,30.46
2023-03-09,Amazon CloudFront,us-west-2,19.82,35.36
2023-02-02,AWS Lambda,eu-west-1,13.23,18.79
2023-01-14,AWS Lambda,us-west-2,21.24,18.54
2023-01-21,Amazon RDS,eu-west-1,14.22,2.36
2023-02-17,Amazon EC2,us-west-2,1.68,17.56
2023-01-20,AWS Lambda,eu-west-1,16.53,46.47
2023-01-08,AWS Lambda,eu-west-1,2.03,19.02
2023-01-07,Amazon S3,us-west-2,11.36,41.59
2023-03-08,Amazon CloudFront,ap-south-1,22.38,42.13
2023-01-17,Amazon EC2,us-east-1,4.8,18.72
2023-02-02,Amazon S3,ap-south-1,9.97,31.64
2023-02-17,Amazon RDS,us-west-2,17.79,4.86
2023-03-17,Amazon RDS,ap-south-1,21.29,5.27
2023-02-28,AWS Lambda,eu-west-1,16.43,2.53
2023-03-27,AWS Lambda,us-east-1,6.94,29.09
2023-01-22,Amazon RDS,us-west-2,16.52,21.36
2023-01-30,AWS Lambda,us-west-2,7.82,27.45
2023-02-07,Amazon EC2,us-west-2,17.52,26.1
2023-02-20,AWS Lambda,us-east-1,22.94,17.58
2023-02-23,Amazon CloudFront,eu-west-1,17.59,33.91
2023-01-08,AWS Lambda,us-west-2,20.85,37.95
2023-01-27,Amazon S3,ap-south-1,1.05,0.83
2023-01-27,Amazon EC2,us-west-2,17.5,10.44
2023-01-21,Amazon S3,us-west-2,20.08,35.69
2023-01-30,Amazon S3,us-west-2,1.93,19.39
2023-01-28,Amazon CloudFront,us-west-2,21.05,33.16
2023-03-05,Amazon EC2,eu-west-1,6.9,17.41
2023-03-10,Amazon EC2,ap-south-1,16.3,19.6
2023-03-02,Amazon EC2,eu-west-1,19.41,8.02
2023-02-17,Amazon EC2,ap-south-1,16.24,12.99
2023-01-19,Amazon EC2,us-west-2,3.12,30.31
2023-01-04,Amazon CloudFront,us-east-1,14.72,21.71
2023-02-04,AWS Lambda,eu-west-1,13.64,38.74
2023-03-05,Amazon S3,us-east-1,21.71,42.64
2023-02-18,Amazon EC2,eu-west-1,10.3,27.13
2023-01-17,AWS Lambda,us-west-2,8.38,37.94
2023-02-13,AWS Lambda,eu-west-1,18.25,15.41
2023-01-30,Amazon S3,us-west-2,10.49,20.81
2023-02-15,Amazon CloudFront,eu-west-1,15.86,35.67
2023-01-06,Amazon RDS,us-west-2,15.87,19.37
2023-02-06,Amazon RDS,us-west-2,21.42,29.47
2023-01-24,AWS Lambda,ap-south-1,14.77,9.35
2023-02-15,Amazon S3,us-west-2,12.55,30.03
2023-02-22,Amazon RDS,ap-south-1,4.19,43.09
2023-03-01,AWS Lambda,us-west-2,3.66,43.45
2023-03-04,Amazon CloudFront,us-east-1,4.55,36.24
2023-03-26,Amazon RDS,us-west-2,4.95,37.31
2023-02-01,AWS Lambda,us-east-1,15.67,27.94
2023-03-28,AWS Lambda,us-east-1,18.04,29.27
2023-02-02,Amazon EC2,us-west-2,13.19,6.77
2023-03-08,Amazon CloudFront,us-east-1,20.07,22.25
2023-01-18,Amazon EC2,ap-south-1,23.8,22.59
2023-01-25,Amazon S3,eu-west-1,19.86,47.93
2023-02-23,Amazon EC2,us-west-2,16.98,21.61
2023-02-27,Amazon EC2,us-east-1,13.25,27.51
2023-03-08,Amazon RDS,us-west-2,11.32,26.71
2023-02-15,AWS Lambda,ap-south-1,2.94,31.87
2023-01-24,Amazon CloudFront,us-west-2,10.19,37.44
2023-02-01,Amazon EC2,us-west-2,21.93,11.33
2023-02-16,Amazon CloudFront,us-east-1,19.58,26.48
2023-03-27,Amazon EC2,ap-south-1,5.97,41.31
2023-01-23,Amazon S3,eu-west-1,11.73,23.21
2023-03-07,Amazon EC2,eu-west-1,19.78,14.0
2023-01-27,Amazon RDS,us-east-1,2.55,32.77
2023-01-02,AWS Lambda,us-west-2,9.91,41.21
2023-03-31,Amazon S3,us-east-1,20.59,3.25
2023-01-17,Amazon EC2,us-east-1,10.29,38.86
2023-02-02,Amazon CloudFront,us-east-1,2.79,41.1
2023-01-09,Amazon S3,us-west-2,13.48,23.13
2023-02-12,Amazon S3,ap-south-1,20.82,49.17
2023-02-17,Amazon EC2,us-east-1,14.58,39.36
2023-02-08,Amazon S3,us-west-2,6.2,38.71
2023-02-11,Amazon CloudFront,ap-south-1,9.84,37.42
2023-01-26,Amazon S3,us-east-1,11.35,7.62
2023-02-19,Amazon CloudFront,eu-west-1,14.32,10.94
2023-01-25,Amazon EC2,ap-south-1,18.47,23.25
2023-01-24,AWS Lambda,us-east-1,3.27,13.27
2023-01-13,Amazon S3,ap-south-1,21.46,20.82
2023-03-01,AWS Lambda,ap-south-1,1.28,44.43
2023-01-07,Amazon CloudFront,ap-south-1,9.51,41.23
2023-02-26,Amazon S3,ap-south-1,1.63,31.54
2023-02-05,Amazon RDS,ap-south-1,10.04,42.92
2023-02-14,AWS Lambda,ap-south-1,13.09,39.21
2023-01-20,Amazon S3,us-east-1,12.77,21.51
2023-03-06,AWS Lambda,eu-west-1,4.81,10.13
2023-01-08,Amazon S3,us-west-2,15.85,25.76
2023-01-16,Amazon EC2,ap-south-1,2.03,36.84
2023-01-14,AWS Lambda,us-west-2,18.52,21.88
2023-03-17,Amazon RDS,us-east-1,22.77,33.37
2023-03-28,Amazon RDS,ap-south-1,8.81,4.81
2023-01-15,Amazon CloudFront,eu-west-1,12.9,37.43
2023-03-07,Amazon S3,us-west-2,9.71,40.65
2023-02-01,AWS Lambda,ap-south-1,1.15,35.37
2023-03-28,Amazon CloudFront,us-east-1,9.88,48.37
2023-03-04,AWS Lambda,eu-west-1,19.21,41.35
2023-03-27,Amazon S3,us-west-2,14.71,45.16
2023-02-20,Amazon RDS,us-west-2,3.33,46.69
2023-01-25,Amazon EC2,ap-south-1,20.48,40.09
2023-02-27,Amazon RDS,eu-west-1,13.21,33.75
2023-03-04,Amazon CloudFront,eu-west-1,20.36,0.39
2023-03-03,Amazon EC2,eu-west-1,14.35,23.34
2023-01-22,Amazon CloudFront,eu-west-1,13.87,28.6
2023-02-27,Amazon S3,us-east-1,3.42,15.27
2023-02-27,Amazon EC2,eu-west-1,4.85,15.97
2023-03-27,Amazon CloudFront,us-west-2,23.36,48.06
2023-02-18,Amazon S3,us-west-2,6.26,44.6
2023-02-21,Amazon RDS,us-east-1,23.48,42.47
2023-02-11,Amazon S3,us-west-2,13.23,20.36
2023-03-11,AWS Lambda,us-west-2,4.12,0.78
2023-01-15,Amazon S3,eu-west-1,3.28,4.1
2023-02-23,Amazon S3,us-west-2,5.8,15.68
2023-03-01,AWS Lambda,us-east-1,22.29,0.89
2023-01-08,Amazon CloudFront,eu-west-1,10.53,0.96
2023-02-22,Amazon CloudFront,ap-south-1,10.09,45.84
2023-03-01,Amazon S3,eu-west-1,8.2,35.34
2023-01-05,AWS Lambda,us-east-1,4.38,15.52
2023-03-09,AWS Lambda,eu-west-1,12.22,6.72
2023-01-06,Amazon RDS,eu-west-1,3.99,25.63
2023-02-16,Amazon CloudFront,us-east-1,20.22,0.37
2023-02-24,Amazon EC2,eu-west-1,9.52,46.93
2023-02-09,Amazon CloudFront,us-east-1,9.62,20.8
2023-02-21,Amazon CloudFront,us-east-1,11.9,20.18
2023-01-16,Amazon RDS,ap-south-1,11.21,19.59
2023-01-13,Amazon EC2,us-west-2,23.88,3.56
2023-01-30,Amazon RDS,us-west-2,13.54,31.95
2023-01-19,Amazon EC2,eu-west-1,3.03,36.68
2023-01-17,Amazon S3,eu-west-1,14.96,33.84
2023-03-04,Amazon EC2,ap-south-1,4.49,7.01
2023-01-19,Amazon RDS,ap-south-1,1.71,28.98
2023-02-27,Amazon CloudFront,ap-south-1,23.33,28.52
2023-02-24,Amazon EC2,us-east-1,18.79,43.43
2023-03-31,Amazon EC2,ap-south-1,23.54,19.02
2023-03-31,AWS Lambda,ap-south-1,11.99,18.64
2023-03-03,Amazon CloudFront,eu-west-1,13.24,30.96
2023-01-23,Amazon S3,ap-south-1,4.87,31.69
2023-01-09,Amazon RDS,us-east-1,6.68,23.52
2023-01-12,Amazon S3,us-east-1,20.29,22.21
2023-01-01,Amazon CloudFront,eu-west-1,9.19,24.76
2023-02-27,Amazon EC2,ap-south-1,20.02,43.07
2023-01-01,Amazon EC2,ap-south-1,17.31,23.11
2023-02-03,Amazon CloudFront,us-east-1,5.07,47.0
2023-02-17,Amazon EC2,ap-south-1,12.67,25.25
2023-03-30,Amazon EC2,ap-south-1,16.58,47.47
2023-01-01,Amazon EC2,ap-south-1,6.41,41.66
2023-01-16,Amazon RDS,us-west-2,20.11,18.19
2023-03-02,Amazon RDS,eu-west-1,13.53,43.2
2023-03-05,AWS Lambda,us-west-2,4.8,5.59
2023-03-04,Amazon S3,eu-west-1,14.41,46.26
2023-03-10,Amazon CloudFront,us-east-1,23.99,31.62
2023-01-22,Amazon CloudFront,ap-south-1,4.46,2.81
2023-03-08,Amazon CloudFront,eu-west-1,19.79,32.25
2023-03-17,AWS Lambda,us-west-2,5.77,48.71
2023-01-26,Amazon RDS,ap-south-1,18.99,3.58
2023-01-16,AWS Lambda,us-east-1,17.9,27.78
2023-02-20,Amazon CloudFront,eu-west-1,7.91,37.41
2023-03-27,Amazon S3,eu-west-1,8.49,40.53
2023-02-26,Amazon EC2,eu-west-1,19.23,20.75
2023-01-29,Amazon RDS,ap-south-1,11.61,10.29
2023-03-19,Amazon RDS,us-west-2,17.81,2.21
2023-03-10,AWS Lambda,us-west-2,4.4,29.03
2023-02-16,Amazon RDS,eu-west-1,20.61,22.7
2023-03-03,Amazon CloudFront,us-east-1,17.35,47.44
2023-03-10,Amazon CloudFront,us-east-1,21.86,3.12
2023-03-17,AWS Lambda,us-west-2,4.04,34.3
2023-01-16,Amazon CloudFront,us-east-1,14.64,1.35
2023-03-31,Amazon S3,us-west-2,14.78,8.65
2023-03-31,AWS Lambda,eu-west-1,9.13,22.73
2023-02-17,Amazon S3,us-west-2,11.54,22.8
2023-03-26,Amazon EC2,us-west-2,1.87,34.32
2023-02-08,Amazon S3,eu-west-1,18.15,45.52
2023-02-02,Amazon EC2,us-east-1,13.63,31.99
2023-01-23,Amazon EC2,us-west-2,2.33,47.68
2023-01-10,Amazon S3,us-west-2,16.66,44.09
2023-03-10,AWS Lambda,eu-west-1,11.74,29.27
2023-02-03,Amazon CloudFront,us-east-1,1.79,41.71
2023-02-21,Amazon CloudFront,us-west-2,23.3,32.16
2023-01-10,Amazon EC2,eu-west-1,22.83,4.02
2023-01-19,Amazon EC2,us-west-2,12.8,37.05
2023-02-27,AWS Lambda,ap-south-1,3.15,4.84
2023-01-01,Amazon RDS,eu-west-1,18.36,29.74
2023-03-10,Amazon S3,us-east-1,12.31,35.16
2023-01-04,Amazon EC2,us-east-1,7.96,3.42
2023-01-16,Amazon CloudFront,us-east-1,12.3,11.62
2023-01-24,AWS Lambda,us-east-1,13.02,45.79
2023-03-21,Amazon S3,us-west-2,13.94,30.85
2023-01-02,AWS Lambda,us-west-2,11.15,12.39
2023-02-01,Amazon S3,us-east-1,14.93,34.56
2023-03-25,Amazon S3,us-east-1,22.13,29.88
2023-01-24,Amazon EC2,us-east-1,9.33,25.13
2023-01-12,AWS Lambda,us-west-2,17.69,48.81
2023-02-19,AWS Lambda,us-east-1,21.57,34.2
2023-02-04,Amazon CloudFront,us-east-1,11.49,18.83
2023-02-02,Amazon CloudFront,ap-south-1,11.2,40.02
2023-02-02,Amazon EC2,ap-south-1,14.85,44.24
2023-03-02,Amazon EC2,us-east-1,14.6,6.35
2023-02-20,Amazon RDS,eu-west-1,19.55,10.11
2023-02-12,Amazon CloudFront,us-east-1,11.96,10.89
2023-01-12,Amazon S3,ap-south-1,23.91,34.59
2023-03-08,AWS Lambda,eu-west-1,2.37,30.19
2023-03-06,Amazon EC2,eu-west-1,1.07,30.99
2023-02-02,AWS Lambda,us-east-1,15.72,47.04
2023-02-09,AWS Lambda,ap-south-1,7.86,38.82
2023-03-15,Amazon RDS,ap-south-1,6.53,6.48
2023-02-12,Amazon CloudFront,eu-west-1,8.17,17.44
2023-02-13,Amazon EC2,us-east-1,6.89,21.83
2023-01-29,AWS Lambda,us-west-2,1.71,19.86
2023-01-13,Amazon EC2,us-west-2,23.35,33.5
2023-01-12,Amazon S3,ap-south-1,6.08,44.61
2023-02-15,Amazon RDS,us-west-2,17.88,15.37
2023-01-02,Amazon S3,ap-south-1,18.54,27.64
2023-02-04,Amazon EC2,ap-south-1,22.37,39.49
2023-03-28,Amazon EC2,ap-south-1,1.7,20.87
2023-03-22,Amazon CloudFront,us-west-2,21.06,8.49
2023-03-31,AWS Lambda,ap-south-1,13.13,23.8
2023-01-08,AWS Lambda,eu-west-1,15.55,2.86
2023-01-26,Amazon S3,us-east-1,15.82,47.12
2023-03-15,Amazon RDS,us-east-1,19.86,3.83
2023-03-31,AWS Lambda,ap-south-1,8.67,21.98
2023-02-03,Amazon CloudFront,us-east-1,17.86,26.54
2023-01-07,Amazon S3,us-west-2,13.16,49.27
2023-03-09,Amazon S3,us-west-2,19.25,8.38
2023-02-27,Amazon CloudFront,us-east-1,23.78,5.81
2023-03-16,Amazon RDS,us-west-2,5.61,0.53
2023-01-29,Amazon CloudFront,us-east-1,23.88,7.86
2023-02-05,Amazon RDS,us-east-1,3.07,10.44
2023-03-30,Amazon CloudFront,us-east-1,1.05,31.57
2023-01-21,Amazon CloudFront,ap-south-1,2.02,11.06
2023-02-05,Amazon EC2,us-east-1,8.86,1.12
2023-01-10,Amazon S3,ap-south-1,15.56,41.35
2023-03-14,Amazon CloudFront,us-east-1,2.59,18.34
2023-01-24,Amazon CloudFront,us-east-1,1.13,17.75
2023-03-05,AWS Lambda,us-east-1,22.55,15.19
2023-02-18,Amazon S3,us-west-2,19.9,48.77
2023-02-05,AWS Lambda,ap-south-1,19.61,8.59
2023-03-23,Amazon S3,ap-south-1,21.34,44.92
2023-01-24,AWS Lambda,us-east-1,17.1,38.86
2023-01-23,Amazon CloudFront,us-east-1,3.4,3.92
2023-03-03,Amazon CloudFront,us-west-2,10.18,49.34
2023-02-06,Amazon EC2,us-west-2,17.63,13.64
2023-01-12,AWS Lambda,us-west-2,7.45,5.02
2023-02-24,Amazon RDS,ap-south-1,16.81,41.48
2023-01-13,Amazon EC2,ap-south-1,1.56,35.36
2023-01-23,AWS Lambda,ap-south-1,8.04,30.9
2023-03-30,AWS Lambda,us-east-1,13.63,7.88
2023-01-30,Amazon EC2,ap-south-1,15.54,23.98
2023-01-17,Amazon CloudFront,eu-west-1,14.27,39.05
2023-03-03,AWS Lambda,eu-west-1,17.05,15.25
2023-03-25,Amazon CloudFront,us-west-2,1.14,15.65
2023-03-30,Amazon EC2,ap-south-1,3.32,0.26
2023-03-27,Amazon CloudFront,eu-west-1,20.99,8.79
2023-01-13,Amazon S3,us-west-2,16.68,43.78
2023-02-28,Amazon RDS,ap-south-1,3.6,22.14
2023-01-19,AWS Lambda,us-east-1,20.37,49.21
2023-02-18,Amazon RDS,eu-west-1,6.57,19.85
2023-01-12,Amazon CloudFront,us-east-1,12.0,35.79
2023-03-02,AWS Lambda,ap-south-1,4.34,14.17
2023-01-19,Amazon CloudFront,eu-west-1,17.33,18.25
2023-03-17,Amazon S3,ap-south-1,16.34,9.62
2023-01-09,Amazon EC2,us-east-1,5.86,17.42
2023-03-12,AWS Lambda,eu-west-1,20.86,27.41
2023-01-28,Amazon S3,us-east-1,10.23,49.59
2023-03-19,Amazon S3,ap-south-1,7.73,33.24
2023-02-21,AWS Lambda,ap-south-1,4.5,10.04
2023-03-24,Amazon CloudFront,us-east-1,7.12,2.34
2023-01-16,Amazon S3,eu-west-1,1.51,6.41
2023-03-10,Amazon RDS,us-east-1,14.41,28.17
2023-01-12,Amazon S3,ap-south-1,20.37,38.28
2023-01-25,Amazon CloudFront,us-east-1,13.63,47.03
2023-02-21,Amazon CloudFront,ap-south-1,6.04,0.89
2023-03-26,Amazon RDS,us-east-1,1.77,26.19
2023-02-22,Amazon S3,eu-west-1,5.94,23.6
2023-01-23,Amazon CloudFront,eu-west-1,10.57,32.84
2023-01-16,AWS Lambda,us-east-1,18.47,28.02
2023-02-26,Amazon EC2,us-east-1,5.32,34.38
2023-02-08,Amazon EC2,eu-west-1,17.56,32.94
2023-02-22,Amazon EC2,ap-south-1,20.94,5.94
2023-02-11,Amazon S3,eu-west-1,11.44,40.01
2023-02-27,Amazon RDS,ap-south-1,19.89,6.25
2023-02-08,Amazon CloudFront,us-east-1,13.76,34.96
2023-01-14,AWS Lambda,us-east-1,15.65,20.87
2023-01-05,AWS Lambda,ap-south-1,13.1,25.74
2023-02-04,Amazon S3,us-east-1,11.65,45.17
2023-03-28,Amazon EC2,ap-south-1,6.4,44.51
2023-03-16,Amazon S3,us-west-2,7.97,40.91
2023-01-18,Amazon RDS,eu-west-1,7.67,25.56
2023-03-17,Amazon RDS,us-west-2,13.96,36.84
2023-01-09,Amazon CloudFront,ap-south-1,3.76,25.69
2023-03-15,Amazon CloudFront,eu-west-1,22.09,43.49
2023-02-27,Amazon RDS,ap-south-1,17.58,20.2
2023-01-17,Amazon RDS,eu-west-1,10.23,48.51
2023-01-07,Amazon RDS,eu-west-1,4.65,46.62
2023-02-15,Amazon S3,eu-west-1,21.29,37.11
2023-01-13,Amazon RDS,eu-west-1,19.95,14.04
2023-02-09,AWS Lambda,ap-south-1,17.6,6.67
2023-02-11,Amazon EC2,eu-west-1,7.25,42.75
2023-01-09,Amazon RDS,eu-west-1,10.26,8.35
2023-02-19,Amazon EC2,us-west-2,3.36,42.73
2023-01-27,Amazon S3,us-east-1,5.35,24.59
2023-03-07,Amazon EC2,us-east-1,19.01,20.39
2023-01-05,Amazon S3,us-west-2,17.45,45.17
2023-01-29,AWS Lambda,us-west-2,14.65,30.23
2023-02-06,Amazon S3,ap-south-1,21.6,28.87
2023-02-07,Amazon S3,ap-south-1,14.42,27.98
2023-03-24,Amazon CloudFront,ap-south-1,11.74,18.62
2023-01-08,Amazon RDS,us-west-2,8.83,39.3
2023-03-06,Amazon RDS,us-west-2,22.63,12.71
2023-03-27,AWS Lambda,eu-west-1,2.9,46.95
2023-01-17,AWS Lambda,ap-south-1,22.41,44.71
2023-03-12,Amazon RDS,ap-south-1,20.01,16.94
2023-03-30,Amazon CloudFront,ap-south-1,3.99,36.5
2023-02-14,Amazon RDS,us-east-1,13.99,28.7
2023-01-04,Amazon CloudFront,eu-west-1,20.93,16.95
2023-02-05,AWS Lambda,ap-south-1,14.15,49.43
2023-03-11,Amazon EC2,ap-south-1,21.87,1.36
2023-01-31,AWS Lambda,ap-south-1,22.69,12.71
2023-01-19,AWS Lambda,us-east-1,10.71,26.05
2023-03-02,Amazon S3,us-east-1,9.68,26.15
2023-02-23,Amazon S3,us-west-2,22.54,29.49
2023-02-08,Amazon S3,eu-west-1,16.53,37.61
2023-03-15,Amazon S3,us-west-2,3.67,31.21
2023-03-31,Amazon CloudFront,eu-west-1,1.97,30.05
2023-01-19,Amazon RDS,us-east-1,13.99,2.77
2023-02-08,Amazon EC2,ap-south-1,22.39,18.89
2023-03-08,AWS Lambda,us-west-2,20.42,11.68
2023-02-14,Amazon CloudFront,ap-south-1,16.54,13.34
2023-01-13,Amazon EC2,us-west-2,4.2,27.76
2023-02-27,Amazon CloudFront,us-east-1,6.85,10.06
2023-01-20,Amazon CloudFront,us-east-1,21.14,14.77
2023-03-13,AWS Lambda,us-east-1,5.2,11.93
2023-03-02,Amazon RDS,us-west-2,7.4,47.43
2023-02-08,Amazon S3,eu-west-1,3.98,47.24
2023-01-01,Amazon RDS,us-west-2,16.55,30.54
2023-01-03,AWS Lambda,eu-west-1,22.71,46.23
2023-03-18,AWS Lambda,us-west-2,7.19,39.31
2023-03-03,AWS Lambda,us-west-2,11.93,29.54
2023-03-04,Amazon EC2,us-east-1,15.59,0.42
2023-01-25,Amazon RDS,ap-south-1,23.99,38.65
2023-02-25,Amazon RDS,ap-south-1,3.41,35.15
2023-02-02,Amazon CloudFront,eu-west-1,12.47,30.8
2023-02-07,Amazon CloudFront,ap-south-1,9.86,38.05
2023-01-06,Amazon CloudFront,us-west-2,20.91,25.69
2023-02-27,AWS Lambda,us-west-2,11.95,35.23
2023-02-13,Amazon RDS,us-east-1,3.55,46.77
2023-02-14,AWS Lambda,us-east-1,15.59,18.85
2023-02-01,Amazon EC2,ap-south-1,18.73,35.44
2023-02-14,Amazon CloudFront,eu-west-1,1.07,23.84
2023-03-02,AWS Lambda,ap-south-1,20.76,33.75
2023-02-16,AWS Lambda,ap-south-1,5.28,38.17
2023-01-21,Amazon EC2,ap-south-1,13.7,2.37
2023-03-21,Amazon S3,ap-south-1,10.56,32.37
2023-03-26,Amazon RDS,us-west-2,17.55,11.41
2023-03-16,Amazon S3,eu-west-1,9.54,33.53
2023-02-05,Amazon CloudFront,us-west-2,21.0,23.47
2023-01-19,AWS Lambda,eu-west-1,17.8,38.7
2023-01-20,Amazon EC2,us-east-1,15.9,6.26
2023-02-26,Amazon EC2,ap-south-1,19.31,31.35
2023-01-18,Amazon RDS,us-west-2,18.34,14.0
2023-02-16,Amazon S3,eu-west-1,1.83,42.66
2023-02-18,Amazon RDS,us-east-1,10.08,46.43
2023-01-14,AWS Lambda,us-east-1,22.41,49.82
2023-01-15,Amazon RDS,ap-south-1,3.89,39.82
2023-01-31,Amazon EC2,eu-west-1,17.95,37.71
2023-01-01,Amazon EC2,us-west-2,23.42,10.85
2023-02-23,Amazon CloudFront,ap-south-1,2.2,16.87
2023-01-03,Amazon CloudFront,us-west-2,16.69,23.34
2023-01-16,AWS Lambda,us-east-1,11.77,38.69
2023-03-28,Amazon S3,us-west-2,14.32,45.76
2023-02-26,Amazon RDS,us-west-2,2.96,9.54
2023-03-16,AWS Lambda,ap-south-1,1.99,46.13
2023-01-12,Amazon CloudFront,us-west-2,16.34,34.81
2023-03-15,Amazon RDS,ap-south-1,19.94,30.58
2023-01-16,Amazon CloudFront,us-east-1,18.99,10.07
2023-03-13,Amazon RDS,ap-south-1,13.51,2.87
2023-03-17,Amazon S3,ap-south-1,3.3,28.47
2023-01-24,AWS Lambda,eu-west-1,16.83,32.61
2023-01-28,Amazon RDS,us-west-2,6.56,10.62
2023-01-08,Amazon EC2,us-east-1,21.95,27.87
2023-02-05,Amazon EC2,ap-south-1,20.28,42.84
2023-03-31,Amazon RDS,us-east-1,17.32,41.77
2023-01-08,Amazon RDS,eu-west-1,22.82,46.38
2023-02-27,Amazon RDS,us-west-2,1.72,18.36
2023-03-01,Amazon EC2,ap-south-1,17.93,15.97
2023-02-19,Amazon EC2,us-west-2,8.6,37.5
2023-01-28,Amazon RDS,eu-west-1,21.84,21.61
2023-02-10,Amazon CloudFront,eu-west-1,7.13,4.47
2023-03-05,Amazon CloudFront,us-east-1,17.67,14.21
2023-01-27,Amazon S3,ap-south-1,21.19,20.99
2023-03-04,AWS Lambda,us-east-1,1.96,14.7
2023-01-17,Amazon CloudFront,eu-west-1,10.15,16.68
2023-03-14,Amazon EC2,us-west-2,18.53,14.76
2023-02-02,Amazon CloudFront,us-east-1,11.46,2.17
2023-03-25,Amazon S3,us-east-1,7.15,31.89
2023-03-18,Amazon S3,us-west-2,6.06,29.9
2023-01-29,AWS Lambda,us-east-1,4.02,32.7
2023-01-13,Amazon CloudFront,us-west-2,20.71,9.7
2023-02-15,Amazon EC2,ap-south-1,14.23,14.85
2023-02-04,Amazon EC2,us-west-2,2.76,31.02
2023-01-06,Amazon RDS,ap-south-1,9.8,30.02
2023-03-23,Amazon EC2,us-west-2,9.46,25.37
2023-03-10,AWS Lambda,eu-west-1,5.18,17.59
2023-02-16,AWS Lambda,eu-west-1,11.02,45.66
2023-01-25,Amazon EC2,ap-south-1,8.64,17.05
2023-03-07,Amazon EC2,ap-south-1,8.86,22.84
2023-01-10,Amazon RDS,eu-west-1,18.0,33.94
2023-02-25,Amazon EC2,ap-south-1,6.14,27.2
2023-01-30,Amazon RDS,us-west-2,15.76,17.41
2023-01-05,Amazon RDS,us-west-2,14.12,21.84
2023-02-02,Amazon EC2,eu-west-1,14.07,39.74
2023-03-06,Amazon S3,us-east-1,16.25,13.98
2023-01-18,Amazon S3,us-west-2,13.61,7.2
2023-02-18,Amazon RDS,ap-south-1,21.22,15.73
2023-01-11,Amazon EC2,us-east-1,16.54,42.49
2023-03-26,Amazon S3,us-east-1,13.58,4.54
2023-01-26,Amazon EC2,us-west-2,20.08,49.59
2023-03-04,Amazon EC2,us-west-2,14.94,27.1
2023-03-30,Amazon EC2,us-east-1,7.7,49.24
2023-03-27,Amazon CloudFront,us-east-1,5.76,46.96
2023-02-28,Amazon EC2,eu-west-1,4.5,22.7
2023-01-27,Amazon CloudFront,ap-south-1,21.69,10.0
2023-02-18,Amazon RDS,eu-west-1,17.33,8.33
2023-03-18,Amazon S3,us-west-2,22.56,12.08
2023-02-02,Amazon S3,eu-west-1,14.88,35.54
2023-01-01,Amazon S3,eu-west-1,11.89,13.72
2023-01-21,Amazon S3,eu-west-1,2.37,17.14
2023-02-24,Amazon S3,eu-west-1,16.45,22.49
2023-01-06,Amazon S3,ap-south-1,14.39,45.67
2023-03-22,Amazon S3,ap-south-1,23.77,9.55
2023-03-10,Amazon RDS,us-east-1,6.5,0.35
2023-01-05,Amazon EC2,us-west-2,13.21,3.1
2023-01-03,AWS Lambda,eu-west-1,15.97,45.25
2023-02-22,Amazon CloudFront,us-east-1,15.83,32.41
2023-01-23,AWS Lambda,us-east-1,13.91,13.72
2023-02-22,AWS Lambda,us-east-1,18.87,8.94
2023-02-06,Amazon EC2,ap-south-1,5.71,14.78
2023-03-15,Amazon EC2,eu-west-1,17.69,5.83
2023-03-15,Amazon EC2,eu-west-1,15.25,47.08
2023-03-24,Amazon S3,us-west-2,21.61,39.23
2023-01-17,Amazon RDS,eu-west-1,20.49,23.17
2023-03-26,Amazon S3,eu-west-1,8.25,43.26
2023-03-19,Amazon RDS,us-east-1,7.35,12.55
2023-03-14,Amazon RDS,us-west-2,23.58,35.88
2023-01-01,AWS Lambda,eu-west-1,13.13,42.82
2023-02-20,AWS Lambda,ap-south-1,21.85,17.9
2023-02-14,Amazon RDS,eu-west-1,4.77,37.9
2023-03-18,Amazon RDS,us-east-1,15.78,14.82
2023-01-04,Amazon S3,ap-south-1,19.63,15.01
2023-03-03,Amazon S3,us-east-1,22.79,5.44
2023-03-06,AWS Lambda,eu-west-1,8.76,22.06
2023-02-01,Amazon EC2,ap-south-1,17.67,36.51
2023-02-03,Amazon RDS,us-west-2,13.39,47.02
2023-03-13,Amazon S3,us-west-2,2.39,30.23
2023-02-08,AWS Lambda,ap-south-1,16.87,43.17
2023-01-26,Amazon S3,ap-south-1,16.87,41.14
2023-02-03,Amazon RDS,us-east-1,22.4,8.75
2023-02-23,Amazon RDS,ap-south-1,12.44,24.34
2023-01-03,Amazon CloudFront,us-east-1,6.3,5.93
2023-02-19,Amazon EC2,eu-west-1,2.02,34.14
2023-01-12,Amazon CloudFront,us-east-1,10.56,47.5
2023-03-06,AWS Lambda,ap-south-1,7.94,6.94
2023-02-23,Amazon S3,ap-south-1,18.51,36.72
2023-01-05,AWS Lambda,eu-west-1,9.15,31.65
2023-02-26,Amazon RDS,ap-south-1,22.83,29.22
2023-01-17,Amazon CloudFront,ap-south-1,23.13,19.57
2023-02-16,Amazon CloudFront,us-west-2,15.28,17.82
2023-01-23,Amazon CloudFront,us-west-2,22.36,2.36
2023-03-20,AWS Lambda,eu-west-1,18.5,10.97
2023-03-26,Amazon RDS,us-east-1,13.58,0.86
2023-01-14,Amazon S3,us-west-2,5.15,29.11
2023-03-07,Amazon S3,us-east-1,11.55,5.38
2023-03-16,AWS Lambda,ap-south-1,13.9,43.66
2023-02-20,Amazon CloudFront,us-west-2,20.87,26.2
2023-02-07,Amazon EC2,eu-west-1,12.07,35.01
2023-03-05,AWS Lambda,eu-west-1,21.65,20.6
2023-02-07,AWS Lambda,eu-west-1,16.51,28.07
2023-02-19,Amazon RDS,us-west-2,4.15,47.14
2023-03-23,Amazon S3,us-east-1,23.88,4.23
2023-01-30,AWS Lambda,ap-south-1,13.13,12.77
2023-03-20,AWS Lambda,us-east-1,10.01,39.02
2023-02-20,Amazon CloudFront,us-east-1,16.16,5.03
2023-03-04,Amazon CloudFront,ap-south-1,3.5,3.88
2023-02-21,Amazon EC2,ap-south-1,15.64,18.14
2023-02-07,Amazon RDS,us-west-2,12.46,4.7
2023-03-29,Amazon EC2,us-west-2,10.35,29.3
2023-03-20,Amazon CloudFront,us-west-2,22.92,11.39
2023-01-30,Amazon S3,us-west-2,13.02,44.8
2023-02-20,Amazon CloudFront,us-west-2,6.04,39.2
2023-03-22,Amazon RDS,ap-south-1,11.56,35.02
2023-01-05,Amazon CloudFront,us-east-1,22.15,30.89
2023-01-29,Amazon RDS,us-west-2,5.05,43.19
2023-01-04,Amazon RDS,us-west-2,5.92,11.23
2023-01-10,Amazon RDS,us-east-1,1.3,43.67
2023-02-25,Amazon RDS,us-west-2,1.33,39.5
2023-01-17,Amazon RDS,us-east-1,20.08,37.43
2023-03-15,Amazon S3,us-east-1,17.84,28.11
2023-01-17,Amazon EC2,ap-south-1,9.17,12.39
2023-03-25,AWS Lambda,eu-west-1,17.06,21.24
2023-03-29,Amazon EC2,ap-south-1,10.09,39.7
2023-03-10,Amazon RDS,eu-west-1,22.92,1.69
2023-02-03,Amazon S3,eu-west-1,23.24,39.12
2023-01-06,Amazon CloudFront,eu-west-1,10.03,12.08
2023-02-22,Amazon S3,us-west-2,20.65,7.3
2023-03-07,Amazon RDS,ap-south-1,18.78,5.87
2023-03-18,Amazon S3,eu-west-1,8.13,1.46
2023-02-12,Amazon S3,us-east-1,6.34,26.23
2023-03-16,Amazon RDS,us-west-2,11.54,10.99
2023-01-23,Amazon S3,ap-south-1,18.97,49.47
2023-02-24,AWS Lambda,eu-west-1,23.08,28.76
2023-03-21,AWS Lambda,us-east-1,18.56,6.98
2023-03-16,Amazon S3,ap-south-1,20.67,34.47
2023-01-16,Amazon CloudFront,ap-south-1,14.87,44.9
2023-01-08,Amazon RDS,us-west-2,20.21,37.28
2023-01-04,AWS Lambda,ap-south-1,19.04,3.91
2023-01-04,Amazon CloudFront,us-west-2,9.67,44.8
2023-02-25,Amazon S3,eu-west-1,13.7,39.72
2023-01-25,Amazon CloudFront,us-west-2,19.51,8.0
2023-03-08,Amazon EC2,us-east-1,2.06,2.68
2023-03-08,AWS Lambda,us-west-2,19.59,27.91
2023-01-27,Amazon S3,us-east-1,5.09,7.89
2023-02-01,Amazon RDS,us-west-2,12.84,41.75
2023-02-19,Amazon S3,ap-south-1,19.59,17.98
2023-03-02,Amazon RDS,eu-west-1,6.84,45.65
2023-02-20,Amazon S3,us-east-1,6.65,28.33
2023-01-19,Amazon CloudFront,us-west-2,10.26,9.22
2023-01-21,Amazon CloudFront,us-west-2,21.58,7.07
2023-01-05,Amazon CloudFront,us-west-2,1.01,28.87
2023-03-23,Amazon EC2,ap-south-1,21.73,38.12
2023-02-11,Amazon RDS,ap-south-1,4.54,39.1
2023-03-02,Amazon CloudFront,us-east-1,23.77,13.86
2023-01-22,Amazon EC2,us-east-1,22.96,10.29
2023-01-21,Amazon RDS,ap-south-1,12.38,0.94
2023-03-11,Amazon S3,us-east-1,12.79,33.99
2023-01-01,Amazon EC2,eu-west-1,12.08,3.92
2023-01-05,AWS Lambda,eu-west-1,15.62,21.1
2023-01-12,Amazon EC2,ap-south-1,3.09,30.12
2023-03-31,Amazon EC2,us-east-1,1.75,46.86
2023-02-15,Amazon RDS,us-west-2,2.33,15.66
2023-02-03,Amazon S3,eu-west-1,11.22,12.56
2023-02-18,AWS Lambda,ap-south-1,7.34,32.74
2023-03-19,Amazon CloudFront,us-east-1,15.31,31.0
2023-03-31,Amazon CloudFront,ap-south-1,23.83,16.67
2023-02-14,Amazon EC2,us-west-2,9.89,46.41
2023-01-27,Amazon RDS,eu-west-1,14.2,42.26
2023-03-14,Amazon RDS,ap-south-1,10.56,11.28
2023-01-26,Amazon CloudFront,ap-south-1,20.49,12.03
2023-02-16,AWS Lambda,ap-south-1,21.75,25.66
2023-03-27,Amazon S3,us-west-2,21.18,38.7
2023-02-25,AWS Lambda,ap-south-1,23.41,2.3
2023-03-04,Amazon S3,us-west-2,1.63,34.7
2023-02-17,Amazon CloudFront,us-west-2,20.32,32.45
2023-03-02,Amazon S3,us-west-2,18.29,11.65
2023-03-22,Amazon RDS,eu-west-1,6.26,34.1
2023-01-26,Amazon EC2,eu-west-1,23.0,47.02
2023-02-05,Amazon EC2,ap-south-1,4.41,2.43
2023-01-01,Amazon CloudFront,ap-south-1,16.63,16.05
2023-01-08,Amazon RDS,eu-west-1,6.17,21.97
2023-02-21,AWS Lambda,us-east-1,10.92,44.97
2023-03-20,Amazon RDS,eu-west-1,17.54,48.12
2023-02-16,Amazon EC2,us-west-2,13.96,22.26
2023-02-25,Amazon EC2,eu-west-1,10.83,37.53
2023-03-27,Amazon RDS,us-west-2,8.51,26.63
2023-01-14,Amazon RDS,ap-south-1,20.31,26.94
2023-03-31,Amazon EC2,us-east-1,4.31,13.98
2023-01-28,AWS Lambda,ap-south-1,10.89,10.93
2023-03-28,Amazon CloudFront,us-west-2,21.79,14.47
2023-03-19,Amazon CloudFront,us-west-2,20.45,27.86
2023-03-29,Amazon RDS,us-west-2,10.22,1.55
2023-01-02,Amazon CloudFront,us-east-1,18.55,45.37
2023-01-26,Amazon EC2,eu-west-1,19.93,7.9
2023-01-14,Amazon EC2,ap-south-1,21.44,11.08
2023-02-28,Amazon RDS,ap-south-1,13.52,25.96
2023-02-25,Amazon RDS,eu-west-1,5.7,35.53
2023-01-07,Amazon RDS,ap-south-1,6.87,4.88
2023-01-03,AWS Lambda,us-east-1,7.8,15.95
2023-01-23,Amazon CloudFront,ap-south-1,14.66,48.44
2023-01-18,Amazon RDS,us-west-2,1.75,13.19
2023-02-07,Amazon S3,eu-west-1,15.63,15.72
2023-01-15,Amazon S3,us-east-1,9.38,41.84
2023-03-05,Amazon EC2,eu-west-1,7.79,2.61
2023-03-30,Amazon CloudFront,us-east-1,21.23,23.28
2023-01-28,Amazon RDS,us-west-2,11.58,19.04
2023-03-15,Amazon S3,eu-west-1,3.19,15.9
2023-02-08,Amazon CloudFront,ap-south-1,20.02,14.36
2023-02-26,Amazon EC2,us-east-1,2.1,4.66
2023-01-17,AWS Lambda,eu-west-1,17.72,15.81
2023-03-27,Amazon CloudFront,ap-south-1,18.8,2.25
2023-03-31,Amazon CloudFront,eu-west-1,9.11,39.07
2023-02-13,AWS Lambda,eu-west-1,19.97,19.97
2023-01-25,Amazon CloudFront,eu-west-1,12.86,22.25
2023-01-17,Amazon EC2,us-east-1,11.66,44.69
2023-01-13,Amazon EC2,ap-south-1,2.04,32.94
2023-03-25,AWS Lambda,us-west-2,7.67,0.5
2023-01-25,Amazon RDS,us-east-1,22.41,47.16
2023-03-09,Amazon S3,us-east-1,10.01,11.93
2023-01-10,Amazon RDS,us-east-1,13.57,5.47
2023-03-08,Amazon CloudFront,us-west-2,13.24,38.43
2023-01-18,Amazon S3,ap-south-1,14.58,25.07
2023-03-27,AWS Lambda,ap-south-1,2.41,21.75
2023-02-03,AWS Lambda,ap-south-1,9.33,12.55
2023-01-08,Amazon S3,eu-west-1,17.63,27.42
2023-02-09,Amazon EC2,eu-west-1,5.61,13.79
2023-03-24,Amazon S3,eu-west-1,5.68,45.09
2023-02-11,Amazon CloudFront,us-west-2,1.23,10.84
2023-02-10,Amazon EC2,eu-west-1,11.06,44.23
2023-01-06,AWS Lambda,us-west-2,21.3,28.01
2023-02-21,Amazon S3,ap-south-1,2.19,41.44
2023-01-26,Amazon RDS,eu-west-1,5.4,35.67
2023-03-05,Amazon RDS,eu-west-1,8.13,34.87
2023-02-28,Amazon CloudFront,us-east-1,17.83,16.28
2023-02-25,Amazon RDS,us-west-2,15.73,11.77
2023-02-28,Amazon S3,ap-south-1,10.57,10.62
2023-03-11,Amazon S3,us-east-1,18.46,42.87
2023-02-02,Amazon RDS,us-east-1,15.02,41.04
2023-02-22,Amazon S3,ap-south-1,21.61,22.08
2023-01-22,Amazon CloudFront,us-east-1,19.81,6.71
2023-01-21,Amazon EC2,us-west-2,6.81,19.17
2023-03-11,Amazon CloudFront,us-west-2,7.24,31.01
2023-03-11,Amazon CloudFront,eu-west-1,3.88,22.77
2023-01-04,Amazon S3,us-east-1,8.75,39.03
2023-03-16,Amazon EC2,eu-west-1,23.99,49.88
2023-03-03,Amazon S3,us-east-1,10.33,9.64
2023-03-03,AWS Lambda,us-west-2,6.07,23.04
2023-01-24,Amazon S3,us-west-2,18.54,21.61
2023-02-24,Amazon S3,us-west-2,13.48,15.29
2023-01-09,Amazon S3,us-east-1,4.44,9.98
2023-01-03,Amazon EC2,us-west-2,9.76,3.38
2023-01-31,Amazon S3,us-east-1,10.53,44.37
2023-02-09,Amazon EC2,eu-west-1,18.34,21.05
2023-02-05,Amazon RDS,us-east-1,1.48,24.9
2023-01-24,AWS Lambda,eu-west-1,7.19,45.86
2023-01-06,Amazon EC2,us-east-1,12.9,38.84
2023-03-07,Amazon RDS,eu-west-1,7.18,6.61
2023-03-25,Amazon EC2,us-west-2,15.45,28.31
2023-03-16,Amazon EC2,eu-west-1,12.08,22.17
2023-01-04,AWS Lambda,us-west-2,9.32,39.88
2023-03-20,Amazon CloudFront,us-west-2,22.83,36.24
2023-01-06,Amazon CloudFront,eu-west-1,15.54,34.55
2023-02-20,Amazon EC2,us-east-1,3.99,17.09
2023-03-03,Amazon S3,us-east-1,13.88,40.27
2023-02-26,Amazon RDS,ap-south-1,18.96,2.71
2023-03-07,Amazon S3,us-east-1,17.3,8.07
2023-03-20,Amazon S3,ap-south-1,4.96,16.85
2023-03-16,Amazon EC2,us-east-1,23.37,3.93
2023-01-08,Amazon EC2,us-east-1,11.32,11.83
2023-01-26,Amazon EC2,us-west-2,4.66,41.52
2023-02-20,Amazon EC2,ap-south-1,5.14,47.42
2023-02-14,Amazon CloudFront,us-east-1,3.26,15.3
2023-02-13,Amazon EC2,ap-south-1,19.48,13.3
2023-01-05,Amazon CloudFront,us-west-2,3.81,14.07
2023-03-11,Amazon CloudFront,us-west-2,3.88,13.96
2023-01-26,Amazon EC2,ap-south-1,20.56,1.89
2023-03-09,AWS Lambda,us-west-2,8.93,46.35
2023-01-19,Amazon RDS,eu-west-1,1.71,10.76
2023-03-25,Amazon S3,eu-west-1,2.19,21.06
2023-01-20,Amazon CloudFront,us-west-2,4.27,0.58
2023-01-12,Amazon RDS,eu-west-1,5.91,42.91
2023-02-16,AWS Lambda,us-east-1,16.3,36.58
2023-01-01,Amazon S3,ap-south-1,4.62,47.34
2023-03-31,Amazon S3,us-east-1,3.73,39.1
2023-01-14,Amazon CloudFront,ap-south-1,18.59,15.75
2023-03-05,Amazon EC2,us-west-2,16.43,12.47
2023-02-07,AWS Lambda,us-east-1,11.01,34.92
2023-02-06,Amazon CloudFront,us-west-2,13.63,18.27
2023-01-11,AWS Lambda,us-west-2,8.18,28.35
2023-03-18,Amazon EC2,ap-south-1,12.1,0.41
2023-01-03,Amazon EC2,ap-south-1,12.65,3.19
2023-02-02,Amazon CloudFront,ap-south-1,9.91,26.81
2023-01-06,Amazon EC2,us-east-1,21.85,28.35
2023-02-19,Amazon RDS,eu-west-1,1.37,37.6
2023-01-10,Amazon S3,ap-south-1,18.99,6.69
2023-01-05,Amazon CloudFront,ap-south-1,3.86,25.71
2023-01-23,AWS Lambda,us-east-1,19.34,9.8
2023-01-10,Amazon RDS,ap-south-1,15.17,4.75
2023-02-13,Amazon CloudFront,us-east-1,20.4,20.58
2023-01-02,Amazon EC2,us-west-2,3.24,8.25
2023-01-13,Amazon EC2,ap-south-1,13.86,11.17
2023-02-09,Amazon EC2,ap-south-1,12.53,15.95
2023-01-02,Amazon EC2,us-west-2,17.24,13.04
2023-03-25,AWS Lambda,us-west-2,13.29,4.47
2023-03-06,Amazon RDS,us-west-2,13.44,4.59
2023-03-04,Amazon S3,ap-south-1,10.88,9.74
2023-03-14,AWS Lambda,eu-west-1,8.1,2.62
2023-01-17,AWS Lambda,eu-west-1,12.09,31.36
2023-01-09,Amazon S3,eu-west-1,3.73,14.44
2023-03-16,Amazon S3,ap-south-1,23.11,14.06
2023-01-15,Amazon EC2,us-west-2,17.43,16.67
2023-01-24,AWS Lambda,ap-south-1,22.91,33.17
2023-02-07,Amazon CloudFront,us-west-2,6.21,43.54
2023-02-04,Amazon S3,ap-south-1,21.22,37.98
2023-02-18,Amazon S3,ap-south-1,19.6,36.4
2023-03-10,Amazon RDS,us-west-2,16.57,24.27
2023-03-03,Amazon CloudFront,eu-west-1,15.38,34.72
2023-03-01,Amazon CloudFront,us-west-2,8.28,27.68
2023-02-19,Amazon S3,us-east-1,19.78,10.89
2023-03-19,Amazon EC2,us-east-1,12.53,10.51
2023-03-16,Amazon RDS,us-west-2,2.63,14.89
2023-01-09,Amazon CloudFront,ap-south-1,8.2,45.55
2023-02-03,Amazon S3,us-east-1,22.51,27.42
2023-03-17,Amazon CloudFront,us-east-1,20.57,36.72
2023-02-04,Amazon RDS,ap-south-1,23.58,17.39
2023-01-01,Amazon RDS,ap-south-1,15.44,20.45
2023-02-09,AWS Lambda,eu-west-1,6.69,6.37
2023-03-05,Amazon S3,ap-south-1,4.74,8.65
2023-01-22,Amazon RDS,us-west-2,5.3,41.39
2023-03-01,AWS Lambda,us-west-2,1.46,29.28
2023-03-05,AWS Lambda,eu-west-1,9.99,16.94
2023-03-13,Amazon CloudFront,us-east-1,5.4,40.16
